{
  "focus": {
    "position": [
      0,
      0,
      0
    ],
    "direction": [
      -0.11595333073570296,
      -0.3796574481128392,
      -0.04802944131736118,
      0.9165741792343713
    ],
    "size": 8.031189202104505
  }
}